{"cameraMode":{"drawMode":0,"name":"Shaded","section":"Shading Mode"},"sceneLighting":true,"audioPlay":false,"sceneViewState":{"showFog":true,"showMaterialUpdate":false,"showSkybox":true,"showFlares":true,"showImageEffects":true,"showParticleSystems":true},"in2DMode":false,"pivot":{"x":0.3466968536376953,"y":1.2181767225265504,"z":-0.7151131629943848},"rotation":{"x":0.19695928692817689,"y":-0.022914087399840356,"z":0.004604723770171404,"w":0.980133056640625},"size":8.199984550476075,"orthographic":false}