{"cameraMode":{"drawMode":0,"name":"Shaded","section":"Shading Mode"},"sceneLighting":true,"audioPlay":false,"sceneViewState":{"showFog":true,"showMaterialUpdate":false,"showSkybox":true,"showFlares":true,"showImageEffects":true,"showParticleSystems":true},"in2DMode":false,"pivot":{"x":0.3466986417770386,"y":1.4133656024932862,"z":-0.705442488193512},"rotation":{"x":-0.2568969130516052,"y":0.002026422182098031,"z":-0.0005387624260038137,"w":-0.9664365649223328},"size":7.351100921630859,"orthographic":false}