{"cameraMode":{"drawMode":0,"name":"Shaded","section":"Shading Mode"},"sceneLighting":true,"audioPlay":false,"sceneViewState":{"showFog":true,"showMaterialUpdate":false,"showSkybox":true,"showFlares":true,"showImageEffects":true,"showParticleSystems":true},"in2DMode":false,"pivot":{"x":-22.300222396850587,"y":-31.022506713867189,"z":40.550537109375},"rotation":{"x":-0.2636558711528778,"y":0.24712559580802918,"z":-0.07007665932178498,"w":-0.9297869801521301},"size":66.13544464111328,"orthographic":false}